Frame_145,p:
Frame_149,“531.42: m ..
, . ;
Frame_225,PUFF PB
Frame_369,TWISTED
Frame_370,TWISI'BJ
Frame_371,TWISI'ED

 

m
Frame_372,\, !

TWISI'ED
Frame_377,F g
Frame_385,”\x
‘3 K" fl
Frame_387,1 fl:
Frame_414,,n, 7 ;
Frame_417,J, fl, 77 ,
Frame_420,;
Frame_430,ll
Frame_455,v —'.
Frame_465,a:
Frame_642,BAKE
20090 lw:
15 MINUTES
Frame_724,7

r" _3:.,,=hn~11‘

.‘ 0‘ I ’ m‘
. I ' ’

- . \
Frame_766,El
Frame_769,TWISTED
Frame_770,TWISTED
Frame_773,MISTlE—D
Frame_774,MISTlE—D
Frame_775,MISTlE—D
Frame_776,MISTlE—D
Frame_777,MISTlE—D
Frame_778,MISTLD.
