Frame_43,$EEK¥OGURT
- ‘n- — 2 CUPS
Frame_44,$EEK¥OGURT
-- «- - 2 CUPS
Frame_45,gEMGURT
k "—1.. 2 CUPS
Frame_229,“u M
Frame_323,a;
Frame_347,Egg; 1 , ,
Frame_353,CUCUMBER
Frame_354,CUCUMBER
Frame_355,CUCUMBER
Frame_356,CUCUMBER
Frame_357,CUCUMBER
Frame_358,CUCUMBER
Frame_369,"/ ‘
H3 v
'.‘.!!9'

h ‘1 '1 WI '1 .I '
h M V. ‘1 ‘3 I

.mfi‘lfl‘t‘
3“ 1’ '2
Frame_371,V. i. I. V, v

~ ~ ' rm

it I ‘1 \ 1 I

'1 .‘1 V; \ M '

3L “J” ‘t V‘ ‘lJ
..‘ __
Frame_373,v.3. V
\VII‘. I

”I 'l ‘0“: ‘l ‘I '
W" "'I ‘I '1 'I I

1L H l!" h ‘i; H
._._ | .
Frame_378,.‘H
my:

'1‘ ”flfl',

A: ‘L? {W
Frame_380,VJ.
h!!!“

u "1" h v. v.
M. f. a. n.‘

.1. h Ii II 'I 'I ‘
Frame_450,2 CUPS
Frame_456,2 CUPS
Frame_459,1 TBSP ,
Frame_460,1 TBSP
Frame_467,1 TBSP
Frame_558,COVER AND
REFRIGERATE
Frame_559,'t’

COVER AND " = 51::
REFRIGERATE

30 MIN
Frame_560,_:=*

COVER AND “ = is
REFRIGERATE

30 MIN
Frame_561,COVER AND " ".5-
REFRIGERATE

30 MIN
Frame_562,COVER AND fa
REFRIGERATE

30 MIN
Frame_563,COVER AND is
REFRIGERATE

30 MIN
Frame_564,COVER AND is
REFRIGERATE

30 MIN
Frame_565,COVER AND 24$
REFRIGERATE

30 MIN
Frame_566,7.:

COVER AND ’ is
REFRIGERATE

30 MIN
Frame_567,7.:

COVER AND "ls
REFRIGERATE ,

30 MIN
Frame_568,7.:

COVER AND "is
REFRIGERATE ,

30 MIN
Frame_569,7.:

COVER AND "ls
REFRIGERATE ,

30 MIN
Frame_570,7.:

COVER AND "ls
REFRIGERATE ,

30 MIN
Frame_571,7.:

COVER AND "ls
REFRIGERATE ,

30 MIN
Frame_663,DAI/I—
Frame_664,BAKE

400°F (200°C)
F0R«L*'

‘44....
Frame_665,BAKE

400°F (200°C)
FOR 11/2-2 HRS
Frame_666,BAKE

400°F (200°C)
FOR 11/2-2 HRS
Frame_667,BAKE

400°F (200°C)
FOR 11/2-2 HRS
Frame_668,BAKE

400°F (200°C)
FOR 11/2-2 HRS
Frame_669,BAKE

400°F (200°C)
FOR 11/2-2 HRS
Frame_670,BAKE

400°F (200°C)
FOR 11/2-2 HRS
Frame_671,BAKE

400°F (200°C)
FOR 11/2-2 HRS
Frame_672,BAKE

400°F (200°C)
FOR 11/2-2 HRS
Frame_673,BAKE

400°F (200°C)
FOR 11/2-2 HRS
Frame_674,BAKE

400°F (200°C)
FOR 11/2-2 HRS
Frame_675,BAKE

400°F (200°C)
FOR 11/2-2 HRS
Frame_676,BAKE

400°F (200°C)
FOR 11/2-2 HRS
Frame_677,BAKE

400°F (200°C)
FOR 11/2-2 HRS
Frame_678,BAKE

400°F (200°C)
FOR 11/2-2 HRS
Frame_679,BAKE

400°F (200°C)
FOR 11/2-2 HRS
Frame_680,BAKE

400°F (200°C)
FOR 11/2-2 HRS
Frame_681,BAKE

400°F (200°C)
FOR 11/2-2 HRS
Frame_682,BAKE

400°F (200°C)
FORm11/2-2 HRS
Frame_683,BAKE

400°F (200°C)

W122 HRS
Frame_684,’BAKE

400° F (200° C)

~W-2HRS
Frame_685,BAKE

400°F (200°C)
FO 12-2 HRS

O

i
Frame_686,v a?

.. BAKE

400°F (200°C)

F - yzHRs
C ‘1’
Frame_722,\
S

‘
n.
Frame_903,,.
,,
x (g.
O

‘1']
Frame_947,.2
a
2:25.: g ,
Frame_949,, ,,V,_,___==__==w__.__. “ .
